rxn_id	flux
EX_cpd00013_e0	3.6648226528932124
rxn05466_c0	-3.664822652893212
EX_cpd00001_e0	-3.5144988137500173
rxn05319_c0	3.514498813750017
rxn05654_c0	-2.2754033656283776
EX_cpd00036_e0	2.2754033656283776
GLNt2r_c0	2.0
EX_cpd00053_e0	-2.0
rxn09722_c0	-1.9998424693634123
rxn09750_c0	1.999842469363412
rxn05217_c0	-1.9997563193777061
rxn00260_m0	-1.9997563193777061
rxn00189_c0	1.9991174558511637
rxn09733_c0	1.8581361698669128
rxn09739_c0	-1.8581016723461898
rxn00260_c0	1.5818923929008462
rxn00191_c0	-1.5755776029692994
H2Otm_c0	1.3779821422163328
rxn05582_c0	1.2446069162410704
GLXtp_c0	-1.2439956400092655
rxn00336_c0	1.2439956400092655
rxn00272_c0	1.2439956400092655
rxn00505_m0	-1.2439956400092653
rxn09779_c0	-1.2439956400092653
rxn00973_m0	-1.243995640009265
rxn00973_c0	1.243995640009265
rxn09753_c0	1.0313780797310628
rxn09522_m0	-1.0313779725126613
rxn09121_c0	0.8968851314039239
EX_cpd00067_e0	0.8853702489935457
rxn01241_m0	0.7557270395949307
rxn01243_m0	0.7557270395949306
rxn30341_m0	0.7557270395949306
rxn09417_m0	0.7557261818477179
rxn30674_m0	0.7557261818477179
rxn00285_m0	-0.7557261818477177
rxn09780_c0	0.7556831068548654
NH4tm_c0	-0.6223030292469287
rxn00908_m0	0.6223030292469287
rxn05307_c0	-0.6223030292469286
rxn00692_m0	0.6223030292469286
rxn00165_c0	0.6208896990606169
rxn30674_c0	0.6141060323369244
rxn00237_c0	0.41736529389780247
rxn00838_c0	0.41691889008263605
rxn00800_c0	0.41691889008263605
rxn00130_c0	0.4165726376361983
EX_cpd00035_e0	0.3311522517097703
rxn05496_c0	-0.3311522517097703
rxn00102_c0	-0.2881958276665301
rxn00250_c0	0.28099145469807896
rxn09266_c0	0.2785100442798288
rxn05652_c0	0.2785100442798288
frxn13726_m0	0.275651790664944
rxn00248_m0	0.14162014951079363
CO2tm_c0	-0.13448533582062858
rxn05467_c0	0.13075457637974486
EX_cpd00011_e0	-0.13075457637974486
rxn00001_c0	0.011172890555164369
rxn00097_c0	0.009354423576240108
rxn00175_c0	0.008134311671497025
rxn00168_c0	0.007809915696230719
rxn00507_c0	0.007809915696229781
rxn00533_c0	0.007131652087548927
rxn00182_c0	0.005880126531358307
rxn00247_c0	0.004747677732012493
rxn01106_c0	0.004596767831725063
rxn01100_c0	0.004596767831725063
rxn00459_c0	-0.004596767831725063
rxn00781_c0	-0.004596767831725063
rxn00558_c0	-0.003995708173365306
rxn01115_c0	0.003108368681515423
rxn01476_c0	0.003108368681515378
rxn09648_c0	-0.003108368681515378
rxn08570_c0	0.003108368681515378
rxn00604_r0	0.003108368681515378
rxn00747_c0	0.002737326000390915
rxn00549_c0	0.002721136021745525
rxn00786_c0	-0.002721136021745525
rxn01116_c0	0.0017836183179356939
TRP_coa_c0r0	-0.0015539430993540323
rxn15114_c0	-0.0013245895359770834
H2Oter_c0	-0.0012393911135861822
TRP_co2_c0r0	-0.0012389354353792752
TRP_malcoa_c0r0	0.001238935435379275
rxn00692_c0	-0.0010310965845180188
rxn00364_c0	0.0009443528769141283
rxn00409_c0	0.0009443528769141283
rxn30381_c0	-0.0009415558168634094
rxn01333_c0	0.0009295366340397046
rxn34273_c0	0.0009295366340397046
rxn00744_c0	0.0009254730566196339
rxn00610_c0	0.0009254730566196337
rxn00764_c0	0.0009254730566196337
rxn00785_c0	-0.0008540816838959896
rxn01211_c0	0.0006972814726680796
rxn00907_c0	0.0006972814726680795
rxn09441_c0	0.0006648613084776941
rxn09421_c0	0.0006648613084776794
rxn09438_c0	0.0006641643888671305
rxn09435_c0	0.0006620736300354397
rxn09431_c0	0.000652665215292831
TRP_nadp_c0r0	0.0006300153279495137
TRP_nadph_c0r0	-0.0006300153279495136
EX_cpd00009_e0	-0.0005384508129581999
rxn09121_m0	-0.0005384508129581999
rxn05469_m0	0.0005183741672573137
rxn30365_c0	0.00048484161214903005
PINOS_SC_c0	0.0004768002320271422
rxn00881_c0	0.0004768002320271422
rxn00609_c0	-0.00047680023202714217
rxn13384_c0	0.00047143931194588377
rxn00751_c0	0.00047143931194588377
rxn01380_c0	0.0004714393119458837
rxn09552_c0	0.00047143931194588366
rxn00641_c0	0.00044203466530018
rxn32754_c0	0.00044203466530017997
rxn00559_c0	-0.0004420346653001799
rxn00117_c0	0.0004328674919612277
rxn00337_c0	0.0004254761233992726
rxn01301_c0	0.00042547612339927256
rxn01643_c0	-0.00042547612339927256
rxn00704_c0	-0.0004042669833277131
rxn00213_c0	0.00040426698332771306
rxn15108_c0	0.0003949188789354948
rxn03137_c0	0.0003553552887358162
rxn00832_c0	-0.00035535528873581614
rxn02895_c0	0.0003419261839322633
rxn03004_c0	0.0003419261839322633
rxn00790_c0	0.0003419261839322633
rxn02937_c0	0.00034192618393226324
rxn03084_c0	0.00034192618393226324
rxn35572_c0	0.0003397282066989472
rxn02938_c0	0.0003397282066989472
rxn35571_c0	0.00033972820669894715
rxn31870_c0	0.0003329734473971666
rxn05238_c0	0.0003318476541802079
EX_cpd00048_e0	-0.0003318476541802079
rxn00693_c0	0.0003308290793646631
rxn05289_c0	0.0003297032861477048
rxn09427_c0	0.0003282491365754653
rxn00137_c0	0.00032648673409894934
rxn05239_c0	0.00032648673409894934
rxn00361_c0	0.00032648673409894934
rxn00379_c0	0.00032648673409894934
rxn00623_c0	-0.0003254145500826977
rxn01303_c0	0.00032439597526724695
rxn00952_c0	0.00032434236606644596
rxn00126_c0	0.0003173195607599065
rxn19045_r0	-0.0003150076639747571
rxn22099_r0	0.0003150076639747571
rxn23535_r0	-0.0003150076639747571
rxn23559_r0	0.000315007663974757
rxn23531_r0	-0.000315007663974757
rxn19044_r0	-0.000315007663974757
rxn02134_c0	0.000315007663974757
TRP_sphinganine_r0c0	-0.000315007663974757
rxn22098_r0	0.000315007663974757
rxn00948_c0	0.000315007663974757
rxn23554_r0	0.00031500766397475697
rxn23565_r0	0.0003150076639747569
rxn19046_r0	-0.0003150076639747569
rxn23534_r0	-0.0003150076639747569
TRP_strcoa_c0r0	0.00031500766397475686
rxn23551_r0	0.00031500766397475686
rxn02312_m0	0.00030673174359940555
SK_cpd02701_c0	0.00030673174359940555
rxn02297_c0	0.0003067317435994055
rxn13149_c0	0.0003067317435994055
EX_cpd00764_e0	0.00030458737556690206
rxn09689_c0	-0.00030458737556690206
rxn09400_c0	0.0003041786054106145
rxn22100_r0	0.00029391244345500434
rxn19047_r0	-0.0002939124434550043
rxn23536_r0	-0.0002939124434550043
rxn23557_r0	0.00029391244345500423
rxn09606_r0	0.00029391244345500423
rxn13236_c0	-0.00029391244345500423
rxn09608_c0	0.0002868092243473365
IPCS326_SC_c0	0.00027962559143845
rxn09600_c0	0.0002796255914384499
bio_gsm	0.00026804600406293134
rxn00083_m0	-0.00024526209371776906
rxn09647_c0	-0.0002165543666824422
rxn09642_c0	-0.0002165543666824422
rxn09510_c0	0.0002165543666824422
rxn09511_r0	0.0002165543666824422
rxn09582_c0	0.0001900982260814309
IPCS324_SC_c0	0.00016892259176045933
rxn00154_m0	0.0001658132581133293
rxn09595_c0	-0.00016179256805238536
rxn15467_m0	0.00015045422208053854
KARA1im_m0	0.0001504542220805385
rxn00003_m0	-0.0001504542220805385
rxn09588_c0	0.0001237300354754491
rxn01069_c0	0.00010108014813202561
rxn01300_c0	0.0001010801481320256
rxn13300_c0	8.041380121887939e-05
rxn30417_c0	7.944883560425284e-05
rxn27497_m0	7.944883560425284e-05
3C3HMPtm_c0	-7.944883560425284e-05
rxn03062_c0	7.944883560425284e-05
rxn12193_c0	7.944883560425284e-05
rxn00806_c0	-7.944883560425283e-05
SACCD1_c0	7.671476636281095e-05
AASAD2_c0	7.671476636281095e-05
rxn00510_c0	7.671476636281095e-05
rxn01420_m0	7.671476636281094e-05
rxn01423_c0	7.671476636281094e-05
rxn09803_c0	7.671476636281094e-05
rxn30206_m0	7.671476636281092e-05
HACNHm_m0	7.671476636281092e-05
rxn30391_m0	7.671476636281092e-05
HICITDm_m0	7.671476636281092e-05
rxn02476_c0	7.545495014371524e-05
rxn01739_c0	7.545495014371524e-05
rxn01255_c0	7.545495014371522e-05
rxn01740_c0	7.545495014371522e-05
rxn02213_c0	7.545495014371522e-05
rxn01332_c0	7.545495014371521e-05
rxn02212_c0	7.545495014371521e-05
rxn00414_c0	7.27208809022731e-05
rxn09799_c0	-7.10053864762857e-05
rxn00903_c0	-7.092497267505163e-05
rxn01256_c0	6.350009836250846e-05
rxn00546_c0	-5.360920081258628e-05
rxn01560_c0	5.3609200812586274e-05
3MOPtm_c0	-5.165246498292688e-05
rxn30145_m0	5.165246498292688e-05
rxn30403_m0	5.165246498292687e-05
rxn13195_c0	5.165246498292687e-05
rxn01575_c0	-5.165246498292687e-05
rxn30333_m0	5.165246498292687e-05
rxn00737_c0	4.9776142954380544e-05
rxn00931_c0	4.41471768691648e-05
rxn02374_c0	4.41471768691648e-05
rxn00179_c0	4.414717686914385e-05
rxn09412_c0	4.4147176869143845e-05
rxn02465_m0	-4.307499285293432e-05
rxn01637_m0	4.307499285293432e-05
ORNt3m_c0	4.307499285293401e-05
rxn01917_m0	4.307499285293401e-05
rxn30081_m0	4.307499285293401e-05
rxn29990_c0	4.307499285291308e-05
rxn29991_c0	4.307499285291308e-05
rxn30043_c0	4.307499285291307e-05
rxn01000_c0	3.589135994402651e-05
rxn00493_c0	-3.589135994402651e-05
rxn00710_c0	2.9645888049360053e-05
rxn01362_c0	-2.964588804936005e-05
rxn13251_c0	2.964588804936005e-05
rxn01465_c0	-2.964588804936005e-05
rxn01018_c0	2.9645888049360043e-05
rxn01269_c0	2.7608738418481936e-05
rxn00527_c0	-2.7608738418481933e-05
rxn00416_c0	2.726027861320012e-05
CERS124er_r0	2.109522051975269e-05
rxn13235_c0	-2.1095220519752687e-05
rxn00917_c0	1.754629142595954e-05
rxn00834_c0	1.754629142595954e-05
GAT1_SC_c0	1.608276024377551e-05
AGAT_SC_c0	1.608276024377551e-05
rxn02473_c0	1.5627082036868897e-05
rxn02835_c0	1.5627082036868897e-05
rxn02834_c0	1.5627082036868897e-05
rxn03175_c0	1.5627082036868897e-05
rxn00859_c0	1.5627082036868897e-05
rxn00789_c0	1.5627082036868897e-05
rxn19830_c0	1.5627082036868897e-05
rxn27926_c0	1.5627082036868894e-05
rxn02160_c0	1.5627082036868894e-05
rxn09609_c0	1.4152829014522765e-05
rxn00119_c0	1.3589932405990463e-05
rxn00293_c0	1.3402300203146572e-05
rxn01505_c0	1.3402300203146572e-05
rxn15558_c0	1.340230020314657e-05
rxn15561_c0	1.340230020314657e-05
rxn01483_c0	1.3402300203146568e-05
rxn00555_c0	1.3402300203146568e-05
rxn00412_c0	1.1981656381612946e-05
rxn09458_c0	1.1499173574299512e-05
rxn00835_c0	8.44344912785327e-06
rxn01137_c0	8.36303532678194e-06
rxn00141_c0	8.363035326763458e-06
rxn39089_c0	8.041380121887942e-06
rxn30066_c0	7.612506515387251e-06
rxn30035_c0	7.6125065153872495e-06
rxn00791_c0	7.6125065153872495e-06
rxn02508_c0	7.6125065153872495e-06
rxn00727_c0	7.6125065153872495e-06
rxn09590_c0	7.18363290888656e-06
IPCS226_SC_c0	7.1836329088865585e-06
rxn09584_c0	7.1836329088865585e-06
rxn09583_c0	7.130023708073974e-06
rxn09589_c0	7.130023708073974e-06
rxn09601_c0	7.130023708073967e-06
rxn09586_c0	7.103219107667681e-06
IPCS126_SC_c0	7.103219107667681e-06
rxn09592_c0	7.1032191076676805e-06
IPCS224_SC_c0	7.022805306448802e-06
rxn09591_c0	7.022805306448802e-06
rxn09585_c0	7.0228053064488016e-06
rxn09587_c0	6.9423915052299235e-06
IPCS124_SC_c0	6.942391505229923e-06
rxn09593_c0	6.942391505229922e-06
rxn09680_c0	-6.486713298322992e-06
EX_cpd00229_e0	6.486713298322992e-06
rxn02004_c0	6.272276495072594e-06
rxn00605_c0	6.272276495072593e-06
rxn08453_c0	5.923816689790658e-06
rxn10665_c0	5.923816689790657e-06
rxn05736_c0	-5.923816689790656e-06
rxn30425_m0	5.360920081258627e-06
rxn00239_c0	5.216175239064698e-06
rxn08525_c0	-5.066069476731227e-06
EX_cpd00047_e0	5.066069476731226e-06
rxn00686_c0	5.049986716545683e-06
rxn03841_c0	4.288736065006955e-06
rxn01257_c0	4.288736065006954e-06
GCALDtm_c0	-4.288736065006954e-06
rxn02504_m0	4.288736065006954e-06
rxn09769_c0	4.288736065006954e-06
rxn03167_c0	4.288736065006954e-06
rxn02200_m0	4.288736065006954e-06
rxn09768_c0	-4.288736065006954e-06
4ABZtm_c0	4.288736065006954e-06
rxn00299_c0	4.288736065006953e-06
rxn01603_c0	4.288736065006953e-06
rxn01454_m0	-3.2165520487551743e-06
rxn00178_m0	3.2165520487551743e-06
rxn01501_c0	-3.2165520487551743e-06
rxn09743_c0	-3.2165520487551743e-06
rxn00829_c0	3.216552048755174e-06
rxn09614_c0	3.216552048755174e-06
rxn02322_c0	3.216552048755174e-06
rxn10832_c0	3.2165520485941423e-06
rxn09457_c0	3.13613824753623e-06
rxn09535_c0	2.680460040629314e-06
rxn09545_c0	2.680460040629314e-06
PETOHM_SC_c0	2.680460040629314e-06
rxn09491_c0	2.6804600406293136e-06
rxn02484_c0	2.1979772333160376e-06
rxn09633_c0	2.1979772333160376e-06
rxn02277_m0	2.1443680325034758e-06
rxn09531_c0	2.1443680325034754e-06
rxn40428_c0	-2.1443680325034512e-06
rxn00953_c0	1.8763220285463555e-06
rxn00742_c0	1.8763220285463555e-06
rxn01517_c0	-1.6082760243775878e-06
rxn30431_c0	1.6082760243775878e-06
rxn00830_c0	1.0185748154391386e-06
rxn01213_c0	1.0185748154391386e-06
rxn01466_c0	1.0185748154391386e-06
