rxn_id	flux
EX_cpd00013_e0	3.66482265289321
rxn05466_c0	-3.6648226528932097
EX_cpd00001_e0	-3.5144988137500057
rxn05319_c0	3.5144988137500053
rxn05654_c0	-2.275403365628383
EX_cpd00036_e0	2.275403365628383
GLNt2r_c0	2.0
EX_cpd00053_e0	-2.0
rxn08633_c0	1.9998424693634123
rxn05217_c0	-1.9997563193777066
rxn00260_m0	-1.9997563193777064
rxn00189_c0	1.9991174558511613
rxn09733_c0	1.8581361698669128
rxn09739_c0	-1.858101672346189
rxn00260_c0	1.5818923929008417
rxn00191_c0	-1.575577602969296
H2Otm_c0	1.3779821422163359
rxn05582_c0	1.244606916241071
GLXtp_c0	-1.243995640009265
rxn00973_c0	1.243995640009265
rxn00505_m0	-1.2439956400092649
rxn09779_c0	-1.2439956400092649
rxn00336_c0	1.2439956400092649
rxn00973_m0	-1.2439956400092649
rxn00272_c0	1.2439956400092649
rxn09121_c0	-1.102957337959493
rxn09753_c0	1.031378079731068
EX_cpd00067_e0	0.8853702489935615
rxn01241_m0	0.7557270395949313
rxn30341_m0	0.7557270395949311
rxn01243_m0	0.7557270395949311
rxn30674_m0	0.7557261818477194
rxn00288_m0	0.7557261818477194
rxn00285_m0	-0.7557261818477182
rxn09780_c0	0.7556831068548651
rxn00692_m0	0.622303029246929
rxn05307_c0	-0.622303029246929
rxn00908_m0	0.6223030292469289
NH4tm_c0	-0.6223030292469289
rxn00165_c0	0.6208896990606152
rxn30674_c0	0.6141060323369242
rxn00237_c0	0.4173652938978065
rxn00800_c0	0.4169188900826403
rxn00838_c0	0.4169188900826403
rxn00130_c0	0.4165726376362011
EX_cpd00035_e0	0.33115225170976786
rxn05496_c0	-0.33115225170976786
rxn00102_c0	-0.2881958276665304
rxn00250_c0	0.2809914546980827
rxn09266_c0	0.27851004427983833
rxn05652_c0	0.27851004427983833
frxn13726_m0	0.27565179066494766
rxn09522_m0	-0.27565179066494727
rxn00248_m0	0.14162014951079363
CO2tm_c0	-0.13448533582062988
EX_cpd00011_e0	-0.13075457637975316
rxn05467_c0	0.13075457637975316
rxn00001_c0	0.011172890555160282
rxn00097_c0	0.009354423576238337
rxn00175_c0	0.008134311671493335
rxn00507_c0	0.007809915696226083
rxn00168_c0	0.007809915696225701
rxn00533_c0	0.007131652087545462
rxn00182_c0	0.005880126531357208
rxn00247_c0	0.004747677732011867
rxn00781_c0	-0.004596767831724513
rxn00459_c0	-0.004596767831724512
rxn01106_c0	0.004596767831724512
rxn01100_c0	0.004596767831724512
rxn00558_c0	-0.003995708173363317
rxn01115_c0	0.00310836868151383
rxn09648_c0	-0.00310836868151383
rxn08570_c0	0.0031083686815138296
rxn00604_r0	0.0031083686815138296
rxn01476_c0	0.0031083686815138296
rxn00747_c0	0.0027373260003900903
rxn00549_c0	0.00272113602174497
rxn00786_c0	-0.00272113602174497
rxn01116_c0	0.0017836183179340053
TRP_coa_c0r0	-0.0015539430993532584
rxn15114_c0	-0.0013245895359775379
H2Oter_c0	-0.0012393911135855653
TRP_co2_c0r0	-0.001238935435378658
TRP_malcoa_c0r0	0.001238935435378658
rxn00692_c0	-0.0010310965845201348
rxn00409_c0	0.0009443528769137587
rxn00364_c0	0.0009443528769137586
rxn30381_c0	-0.00094155581686085
rxn01333_c0	0.0009295366340388416
rxn34273_c0	0.0009295366340388416
rxn00744_c0	0.0009254730566170823
rxn00764_c0	0.0009254730566170821
rxn00610_c0	0.0009254730566170821
rxn00785_c0	-0.0008540816838951638
rxn01211_c0	0.0006972814726702339
rxn00907_c0	0.0006972814726702338
rxn09441_c0	0.0006648613084773635
rxn09421_c0	0.0006648613084773635
rxn09438_c0	0.0006641643888668004
rxn09435_c0	0.0006620736300351106
rxn09431_c0	0.0006526652152925065
TRP_nadp_c0r0	0.0006300153279492002
TRP_nadph_c0r0	-0.0006300153279492
rxn09121_m0	-0.0005384508129647715
EX_cpd00009_e0	-0.0005384508129647715
rxn05469_m0	0.0005183741672580152
rxn30365_c0	0.00048484161214878887
PINOS_SC_c0	0.000476800232026905
rxn00881_c0	0.00047680023202690495
rxn00609_c0	-0.0004768002320269049
rxn13384_c0	0.00047143931194564904
rxn00751_c0	0.000471439311945649
rxn01380_c0	0.000471439311945649
rxn09552_c0	0.00047143931194564893
rxn00641_c0	0.0004420346652999601
rxn32754_c0	0.0004420346652999601
rxn00559_c0	-0.00044203466529996004
rxn00117_c0	0.00043447576798538875
rxn00337_c0	0.00042547612339913384
rxn01643_c0	-0.0004254761233991338
rxn01301_c0	0.0004254761233991338
rxn00704_c0	-0.0004042669833275119
rxn00213_c0	0.00040426698332751183
rxn15108_c0	0.00039491887893639883
rxn03137_c0	0.00035535528873700237
rxn00832_c0	-0.00035535528873700237
rxn00790_c0	0.00034192618393345613
rxn02937_c0	0.0003419261839334561
rxn03004_c0	0.0003419261839334561
rxn02895_c0	0.0003419261839334561
rxn03084_c0	0.0003419261839334561
rxn02938_c0	0.0003397282067001412
rxn35572_c0	0.0003397282067001412
rxn35571_c0	0.00033972820670014113
rxn31870_c0	0.0003329734473970285
rxn05238_c0	0.0003318476541801653
EX_cpd00048_e0	-0.0003318476541801653
rxn00693_c0	0.00033082907936452617
rxn05289_c0	0.00032970328614766295
rxn09427_c0	0.000328249136575302
rxn00361_c0	0.00032648673409890945
rxn05239_c0	0.0003264867340989094
rxn00379_c0	0.0003264867340989094
rxn00137_c0	0.0003264867340989094
rxn00623_c0	-0.00032541455008265824
rxn01303_c0	0.00032439597526725324
rxn00952_c0	0.00032434236606640704
rxn00126_c0	0.00031731956075987624
rxn00948_c0	0.0003150076639746002
TRP_sphinganine_r0c0	-0.0003150076639746002
rxn19045_r0	-0.0003150076639746002
rxn22099_r0	0.0003150076639746002
rxn23535_r0	-0.0003150076639746002
rxn23559_r0	0.0003150076639746002
rxn02134_c0	0.0003150076639746002
rxn22098_r0	0.00031500766397460014
rxn19044_r0	-0.00031500766397460014
rxn23531_r0	-0.0003150076639746001
rxn23554_r0	0.0003150076639746001
rxn19046_r0	-0.00031500766397460003
rxn23534_r0	-0.00031500766397460003
rxn23565_r0	0.00031500766397460003
TRP_strcoa_c0r0	0.0003150076639746
rxn23551_r0	0.0003150076639746
rxn02312_m0	0.00030673174359928065
rxn02297_c0	0.00030673174359928065
rxn13149_c0	0.00030673174359928065
SK_cpd02701_c0	0.00030673174359928065
EX_cpd00764_e0	0.0003045873755667783
rxn09689_c0	-0.0003045873755667783
rxn09400_c0	0.00030417860541046314
rxn22100_r0	0.000293912443454858
rxn23557_r0	0.00029391244345485797
rxn23536_r0	-0.00029391244345485797
rxn09606_r0	0.00029391244345485797
rxn19047_r0	-0.00029391244345485797
rxn13236_c0	-0.00029391244345485797
rxn09608_c0	0.0002868092243471938
IPCS326_SC_c0	0.00027962559143831085
rxn09600_c0	0.00027962559143831074
bio_gsm	0.000268046004062798
rxn00083_m0	-0.00024526209371775046
rxn09510_c0	0.00021655436668233444
rxn09511_r0	0.00021655436668233444
rxn09642_c0	-0.00021655436668233444
rxn09647_c0	-0.00021655436668233444
rxn09582_c0	0.0001900982260813363
IPCS126_SC_c0	0.000168895787159969
rxn00154_m0	0.00016581325811324674
rxn09598_c0	-0.00016179256805230486
KARA1im_m0	0.00015045422208056364
rxn15467_m0	0.00015045422208056364
rxn00003_m0	-0.00015045422208056364
rxn09588_c0	0.00012373003547538756
rxn01069_c0	0.00010108014813188058
rxn01300_c0	0.00010108014813188057
rxn13300_c0	8.041380121883938e-05
rxn30417_c0	7.94488356042133e-05
rxn03062_c0	7.94488356042133e-05
rxn00806_c0	-7.94488356042133e-05
3C3HMPtm_c0	-7.944883560421328e-05
rxn12193_c0	7.944883560421328e-05
rxn27497_m0	7.944883560421328e-05
SACCD1_c0	7.671476636277279e-05
AASAD2_c0	7.671476636277279e-05
rxn00510_c0	7.671476636277279e-05
rxn30206_m0	7.671476636277277e-05
rxn01420_m0	7.671476636277277e-05
rxn01423_c0	7.671476636277277e-05
rxn09803_c0	7.671476636277277e-05
HACNHm_m0	7.671476636277277e-05
rxn30391_m0	7.671476636277276e-05
HICITDm_m0	7.671476636277276e-05
rxn01739_c0	7.54549501436777e-05
rxn01740_c0	7.54549501436777e-05
rxn02476_c0	7.54549501436777e-05
rxn02213_c0	7.54549501436777e-05
rxn01255_c0	7.54549501436777e-05
rxn01332_c0	7.545495014367768e-05
rxn02212_c0	7.545495014367768e-05
rxn00414_c0	7.27208809022366e-05
rxn09799_c0	-7.100538647635035e-05
rxn00903_c0	-7.092497267501634e-05
rxn01256_c0	6.350009836247685e-05
rxn00546_c0	-5.3609200812559596e-05
rxn01560_c0	5.3609200812559596e-05
rxn01575_c0	-5.165246498290117e-05
rxn30333_m0	5.165246498290117e-05
3MOPtm_c0	-5.165246498290117e-05
rxn13195_c0	5.165246498290117e-05
rxn30145_m0	5.165246498290116e-05
rxn30403_m0	5.165246498290116e-05
rxn00737_c0	4.977614295426105e-05
rxn02374_c0	4.4147176869142836e-05
rxn00931_c0	4.414717686914283e-05
rxn09412_c0	4.414717686913037e-05
rxn00179_c0	4.414717686913037e-05
rxn02465_m0	-4.30749928529119e-05
rxn01637_m0	4.30749928529119e-05
rxn01917_m0	4.30749928529041e-05
rxn30081_m0	4.30749928529041e-05
ORNt3m_c0	4.30749928529041e-05
rxn29991_c0	4.3074992852891645e-05
rxn30043_c0	4.3074992852891645e-05
rxn29990_c0	4.3074992852891645e-05
rxn00493_c0	-3.5891359944008646e-05
rxn01000_c0	3.5891359944008646e-05
rxn00710_c0	2.964588804934496e-05
rxn01465_c0	-2.964588804934496e-05
rxn13251_c0	2.964588804934496e-05
rxn01362_c0	-2.964588804934496e-05
rxn01018_c0	2.9645888049344955e-05
rxn01269_c0	2.7608738418468197e-05
rxn00527_c0	-2.7608738418468194e-05
rxn00416_c0	2.726027861318655e-05
CERS124er_r0	2.10952205197422e-05
rxn13235_c0	-2.10952205197422e-05
rxn00917_c0	1.7546291425950806e-05
rxn00834_c0	1.7546291425950806e-05
AGAT_SC_c0	1.6082760243767712e-05
GAT1_SC_c0	1.6082760243767712e-05
rxn02835_c0	1.5627082036861125e-05
rxn00789_c0	1.5627082036861125e-05
rxn02834_c0	1.5627082036861125e-05
rxn03175_c0	1.5627082036861125e-05
rxn00859_c0	1.562708203686112e-05
rxn02473_c0	1.562708203686112e-05
rxn02160_c0	1.562708203686112e-05
rxn19830_c0	1.562708203686112e-05
rxn27926_c0	1.5627082036861118e-05
rxn09609_c0	1.4152829014515734e-05
rxn00119_c0	1.3589932405983362e-05
rxn00293_c0	1.3402300203139902e-05
rxn01505_c0	1.3402300203139902e-05
rxn00555_c0	1.34023002031399e-05
rxn15561_c0	1.3402300203139899e-05
rxn15558_c0	1.3402300203139899e-05
rxn01483_c0	1.3402300203139899e-05
rxn00412_c0	1.1981656381606726e-05
rxn09458_c0	1.1499173574293925e-05
rxn00835_c0	8.443449128037141e-06
rxn01137_c0	8.443449127954728e-06
rxn00141_c0	8.363035326759167e-06
rxn39089_c0	8.041380121883897e-06
rxn02508_c0	7.612506515383463e-06
rxn30035_c0	7.612506515383462e-06
rxn00791_c0	7.6125065153834615e-06
rxn30066_c0	7.6125065153834615e-06
rxn00727_c0	7.6125065153834615e-06
rxn09590_c0	7.183632908882984e-06
IPCS226_SC_c0	7.183632908882983e-06
rxn09584_c0	7.183632908882983e-06
rxn09589_c0	7.130023708070426e-06
IPCS324_SC_c0	7.130023708070426e-06
rxn09601_c0	7.130023708070426e-06
rxn09583_c0	7.130023708070426e-06
rxn09592_c0	7.103219107664147e-06
rxn09586_c0	7.103219107664147e-06
rxn09591_c0	7.022805306445307e-06
IPCS224_SC_c0	7.022805306445307e-06
rxn09585_c0	7.022805306445306e-06
rxn09587_c0	6.9423915052264685e-06
rxn09593_c0	6.942391505226468e-06
IPCS124_SC_c0	6.942391505226468e-06
EX_cpd00229_e0	6.486713298319786e-06
rxn09680_c0	-6.486713298319786e-06
rxn02004_c0	6.272276495069472e-06
rxn00605_c0	6.272276495069472e-06
rxn08453_c0	5.92381668978778e-06
rxn10665_c0	5.923816689787779e-06
rxn05736_c0	-5.9238166897877786e-06
rxn30425_m0	5.360920081255916e-06
rxn00239_c0	5.216175239062102e-06
EX_cpd00047_e0	5.066069476677607e-06
rxn08525_c0	-5.066069476676976e-06
rxn00686_c0	5.049986716543189e-06
4ABZtm_c0	4.288736065004843e-06
rxn01603_c0	4.288736065004843e-06
rxn09768_c0	-4.288736065004843e-06
rxn03841_c0	4.288736065004843e-06
rxn01257_c0	4.288736065004843e-06
rxn02200_m0	4.288736065004843e-06
GCALDtm_c0	-4.2887360650048425e-06
rxn02504_m0	4.2887360650048425e-06
rxn09769_c0	4.288736065004842e-06
rxn00299_c0	4.288736065004842e-06
rxn03167_c0	4.288736065004842e-06
rxn10832_c0	3.2165520487743304e-06
rxn00178_m0	3.2165520487535747e-06
rxn01454_m0	-3.2165520487535747e-06
rxn00829_c0	3.2165520487535747e-06
rxn09743_c0	-3.2165520487535747e-06
rxn01501_c0	-3.2165520487535742e-06
rxn02322_c0	3.2165520487535742e-06
rxn09614_c0	3.216552048753574e-06
rxn09457_c0	3.1361382475347068e-06
rxn09491_c0	2.6804600406279795e-06
PETOHM_SC_c0	2.680460040627937e-06
rxn09545_c0	2.680460040627937e-06
rxn09535_c0	2.680460040627937e-06
rxn09633_c0	2.1979772333149436e-06
rxn02484_c0	2.1979772333149436e-06
rxn02277_m0	2.144368032502394e-06
rxn09531_c0	2.1443680325023937e-06
rxn40428_c0	-2.144368032502384e-06
rxn00953_c0	1.8763220286401034e-06
rxn00742_c0	1.8763220286401034e-06
rxn01517_c0	-1.6082760243767875e-06
rxn01678_c0	-1.6082760243767875e-06
rxn05236_c0	1.6082760243767873e-06
rxn00830_c0	1.0185748154386319e-06
rxn01213_c0	1.0185748154386317e-06
rxn01466_c0	1.0185748154386317e-06
